phi,phi_percent,M,k,p_hat,ci_low,ci_up,ci_width
0.005,0.5,500,35,0.07,0.0508,0.0958,0.045
0.005,0.5,1000,68,0.068,0.054,0.0853,0.0313
0.005,0.5,2000,107,0.0535,0.0445,0.0642,0.0198
0.005,0.5,3000,179,0.0597,0.0517,0.0687,0.017
0.006,0.6,500,111,0.222,0.1878,0.2605,0.0727
0.006,0.6,1000,220,0.22,0.1954,0.2467,0.0513
0.006,0.6,2000,423,0.2115,0.1942,0.2299,0.0358
0.006,0.6,3000,642,0.214,0.1997,0.229,0.0293
0.007,0.7,500,180,0.36,0.3191,0.403,0.0839
0.007,0.7,1000,370,0.37,0.3406,0.4004,0.0597
0.007,0.7,2000,733,0.3665,0.3457,0.3879,0.0422
0.007,0.7,3000,1093,0.3643,0.3473,0.3817,0.0344
0.008,0.8,500,253,0.506,0.4623,0.5496,0.0873
0.008,0.8,1000,509,0.509,0.478,0.5399,0.0619
0.008,0.8,2000,1005,0.5025,0.4806,0.5244,0.0438
0.008,0.8,3000,1518,0.506,0.4881,0.5239,0.0358
0.009,0.9,500,314,0.628,0.5848,0.6692,0.0844
0.009,0.9,1000,639,0.639,0.6088,0.6682,0.0594
0.009,0.9,2000,1268,0.634,0.6126,0.6548,0.0422
0.009,0.9,3000,1894,0.6313,0.6139,0.6484,0.0345
0.01,1.0,500,365,0.73,0.6894,0.7671,0.0776
0.01,1.0,1000,729,0.729,0.7006,0.7556,0.055
0.01,1.0,2000,1461,0.7305,0.7106,0.7495,0.0389
0.01,1.0,3000,2190,0.73,0.7138,0.7456,0.0318
0.011,1.1,500,401,0.802,0.7648,0.8346,0.0697
0.011,1.1,1000,808,0.808,0.7824,0.8312,0.0488
0.011,1.1,2000,1617,0.8085,0.7907,0.8251,0.0345
0.011,1.1,3000,2416,0.8053,0.7908,0.8191,0.0283
0.012,1.2,500,430,0.86,0.8268,0.8877,0.0608
0.012,1.2,1000,872,0.872,0.8499,0.8913,0.0414
0.012,1.2,2000,1736,0.868,0.8525,0.8821,0.0297
0.012,1.2,3000,2588,0.8627,0.8499,0.8745,0.0246
0.013,1.3,500,454,0.908,0.8795,0.9303,0.0509
0.013,1.3,1000,906,0.906,0.8863,0.9226,0.0362
0.013,1.3,2000,1810,0.905,0.8914,0.9171,0.0257
0.013,1.3,3000,2706,0.902,0.8908,0.9121,0.0213
0.014,1.4,500,465,0.93,0.9042,0.9492,0.045
0.014,1.4,1000,940,0.94,0.9235,0.9531,0.0296
0.014,1.4,2000,1869,0.9345,0.9228,0.9445,0.0217
0.014,1.4,3000,2788,0.9293,0.9196,0.938,0.0184
0.015,1.5,500,477,0.954,0.9319,0.9692,0.0372
0.015,1.5,1000,955,0.955,0.9403,0.9662,0.0259
0.015,1.5,2000,1905,0.9525,0.9423,0.961,0.0187
0.015,1.5,3000,2848,0.9493,0.9409,0.9566,0.0157
