phi,phi_percent,seed,M,conduct,p_hat,ci_low,ci_up
0.009,0.9,101,300,201,0.67,0.6149348137768542,0.7207664200239157
0.009,0.9,202,300,187,0.6233333333333333,0.5672673858683439,0.6762805680655479
0.009,0.9,303,300,189,0.63,0.574043509355098,0.6826691988454907
0.009,0.9,404,300,198,0.66,0.6046734114246599,0.7112806909760647
0.009,0.9,505,300,198,0.66,0.6046734114246599,0.7112806909760647
0.009,0.9,606,300,194,0.6466666666666666,0.5910319849316535,0.6985926089356772
0.01,1.0,101,300,223,0.7433333333333333,0.6910460832802706,0.7894674474541646
0.01,1.0,202,300,212,0.7066666666666667,0.6527928854718688,0.7553144967957339
0.01,1.0,303,300,222,0.74,0.6875509670609357,0.7863801865401512
0.01,1.0,404,300,226,0.7533333333333333,0.7015536959202178,0.7987069662142627
0.01,1.0,505,300,224,0.7466666666666667,0.6945448785767366,0.7925510292910473
0.01,1.0,606,300,222,0.74,0.6875509670609357,0.7863801865401512
0.012,1.2,101,300,261,0.87,0.8272186992368379,0.9034251625648376
0.012,1.2,202,300,255,0.85,0.8051814866362912,0.8859681123652938
0.012,1.2,303,300,261,0.87,0.8272186992368379,0.9034251625648376
0.012,1.2,404,300,262,0.8733333333333333,0.8309179640519985,0.9063082748830255
0.012,1.2,505,300,260,0.8666666666666667,0.8235273610289742,0.9005341236393531
0.012,1.2,606,300,257,0.8566666666666667,0.8124985303950185,0.8918158228732633
