factor,th_aa,th_af,phi,phi_percent,N,M,conduct,p_hat,ci_low,ci_up
0.9,55.62,28.62,0.008,0.8,566,300,120,0.4,0.3462,0.4564
0.9,55.62,28.62,0.01,1.0,707,300,189,0.63,0.574,0.6827
0.9,55.62,28.62,0.011,1.1,778,300,214,0.7133,0.6597,0.7616
0.9,55.62,28.62,0.012,1.2,849,300,242,0.8067,0.7582,0.8474
0.9,55.62,28.62,0.014,1.4,990,300,267,0.89,0.8495,0.9206
1.0,61.8,31.8,0.008,0.8,566,300,163,0.5433,0.4868,0.5988
1.0,61.8,31.8,0.01,1.0,707,300,229,0.7633,0.7121,0.8079
1.0,61.8,31.8,0.011,1.1,778,300,247,0.8233,0.7762,0.8623
1.0,61.8,31.8,0.012,1.2,849,300,266,0.8867,0.8458,0.9178
1.0,61.8,31.8,0.014,1.4,990,300,285,0.95,0.9192,0.9695
1.1,67.98,34.98,0.008,0.8,566,300,189,0.63,0.574,0.6827
1.1,67.98,34.98,0.01,1.0,707,300,247,0.8233,0.7762,0.8623
1.1,67.98,34.98,0.011,1.1,778,300,261,0.87,0.8272,0.9034
1.1,67.98,34.98,0.012,1.2,849,300,274,0.9133,0.876,0.9402
1.1,67.98,34.98,0.014,1.4,990,300,290,0.9667,0.9397,0.9818
