model,phi,phi_percent,N,M,conduct,p_hat,ci_low,ci_up
A1,0.005,0.5,354,90,90,1.0,0.9591,1.0
A1,0.007,0.7,495,90,90,1.0,0.9591,1.0
A1,0.01,1.0,707,90,90,1.0,0.9591,1.0
A1,0.012,1.2,849,90,90,1.0,0.9591,1.0
A1,0.015,1.5,1061,90,90,1.0,0.9591,1.0
B1,0.005,0.5,354,90,90,1.0,0.9591,1.0
B1,0.007,0.7,495,90,90,1.0,0.9591,1.0
B1,0.01,1.0,707,90,90,1.0,0.9591,1.0
B1,0.012,1.2,849,90,90,1.0,0.9591,1.0
B1,0.015,1.5,1061,90,90,1.0,0.9591,1.0
C1,0.005,0.5,354,3000,179,0.0597,0.0517,0.0687
C1,0.006,0.6,424,3000,642,0.214,0.1997,0.229
C1,0.007,0.7,495,3000,1093,0.3643,0.3473,0.3817
C1,0.008,0.8,566,3000,1518,0.506,0.4881,0.5239
C1,0.009,0.9,637,3000,1894,0.6313,0.6139,0.6484
C1,0.01,1.0,707,3000,2190,0.73,0.7138,0.7456
C1,0.011,1.1,778,3000,2416,0.8053,0.7908,0.8191
C1,0.012,1.2,849,3000,2588,0.8627,0.8499,0.8745
C1,0.013,1.3,920,3000,2706,0.902,0.8908,0.9121
C1,0.014,1.4,990,3000,2788,0.9293,0.9196,0.938
C1,0.015,1.5,1061,3000,2848,0.9493,0.9409,0.9566
