组,段编号,连通簇编号
组1,1,1
组1,2,2
组1,3,3
组1,4,4
组1,5,5
组1,6,6
组1,7,7
组1,8,8
组1,9,3
组1,10,2
组1,11,9
组1,12,1
组2,1,1
组2,2,2
组2,3,3
组2,4,4
组2,5,5
组2,6,6
组2,7,7
组2,8,8
组2,9,9
组2,10,10
组2,11,11
组2,12,12
组2,13,13
组2,14,14
组2,15,15
组2,16,16
组2,17,17
组2,18,18
组2,19,19
组2,20,20
组2,21,21
组2,22,22
组2,23,23
组2,24,24
组2,25,25
组2,26,26
组2,27,27
组2,28,28
组2,29,29
组2,30,30
组2,31,31
组2,32,32
组2,33,33
组2,34,34
组2,35,35
组2,36,36
组2,37,37
组2,38,7
组2,39,10
组2,40,38
组2,41,39
组2,42,6
组2,43,3
组2,44,11
组2,45,4
组2,46,5
组2,47,1
组2,48,9
组2,49,2
组3,1,1
组3,2,2
组3,3,3
组3,4,4
组3,5,5
组3,6,6
组3,7,7
组3,8,8
组3,9,9
组3,10,10
组3,11,11
组3,12,12
组3,13,13
组3,14,14
组3,15,15
组3,16,16
组3,17,17
组3,18,18
组3,19,19
组3,20,20
组3,21,21
组3,22,22
组3,23,23
组3,24,24
组3,25,25
组3,26,26
组3,27,27
组3,28,28
组3,29,29
组3,30,30
组3,31,31
组3,32,32
组3,33,33
组3,34,34
组3,35,35
组3,36,36
组3,37,37
组3,38,38
组3,39,39
组3,40,40
组3,41,41
组3,42,42
组3,43,43
组3,44,44
组3,45,45
组3,46,46
组3,47,47
组3,48,48
组3,49,49
组3,50,50
组3,51,51
组3,52,52
组3,53,53
组3,54,54
组3,55,55
组3,56,56
组3,57,57
组3,58,58
组3,59,59
组3,60,60
组3,61,61
组3,62,62
组3,63,63
组3,64,64
组3,65,65
组3,66,66
组3,67,67
组3,68,68
组3,69,69
组3,70,70
组3,71,71
组3,72,72
组3,73,73
组3,74,74
组3,75,75
组3,76,76
组3,77,77
组3,78,78
组3,79,79
组3,80,80
组3,81,81
组3,82,82
组3,83,83
组3,84,84
组3,85,85
组3,86,86
组3,87,87
组3,88,88
组3,89,89
组3,90,90
组3,91,91
组3,92,92
组3,93,93
组3,94,94
组3,95,95
组3,96,96
组3,97,97
组3,98,98
组3,99,11
组3,100,99
组3,101,100
组3,102,101
组3,103,102
组3,104,103
组3,105,104
组3,106,105
组3,107,106
组3,108,107
组3,109,108
组3,110,56
组3,111,109
组3,112,110
组3,113,111
组3,114,112
组3,115,113
组3,116,114
组3,117,115
组3,118,116
组3,119,117
组3,120,118
组3,121,96
组3,122,119
组3,123,120
组3,124,91
组3,125,121
组3,126,122
组3,127,123
组3,128,124
组3,129,120
组3,130,120
组3,131,125
组3,132,110
组3,133,39
组3,134,88
组3,135,103
组3,136,126
组3,137,127
组3,138,128
组3,139,81
组3,140,92
组3,141,129
组3,142,37
组3,143,123
组3,144,130
组3,145,131
组3,146,85
组3,147,132
组3,148,133
组3,149,134
组3,150,135
组3,151,136
组3,152,137
组3,153,138
组3,154,139
组3,155,140
组3,156,141
组3,157,142
组3,158,143
组3,159,144
组3,160,145
组3,161,146
组3,162,138
组3,163,147
组3,164,148
组3,165,149
组3,166,150
组3,167,151
组3,168,152
组3,169,48
组3,170,153
组3,171,154
组3,172,155
组3,173,131
组3,174,156
组3,175,157
组3,176,158
组3,177,159
组3,178,3
组3,179,151
组3,180,160
组3,181,161
组3,182,162
组3,183,163
组3,184,164
组3,185,165
组3,186,166
组3,187,128
组3,188,167
组3,189,137
组3,190,168
组3,191,169
组3,192,170
组3,193,171
组3,194,172
组3,195,165
组3,196,173
组3,197,174
组3,198,175
组3,199,174
组3,200,174
组3,201,176
组3,202,177
组3,203,178
组3,204,179
组3,205,180
组3,206,181
组3,207,182
组3,208,183
组3,209,76
组3,210,184
组3,211,185
组3,212,186
组3,213,187
组3,214,188
组3,215,189
组3,216,190
组3,217,191
组3,218,156
组3,219,192
组3,220,193
组3,221,194
组3,222,195
组3,223,196
组3,224,197
组3,225,198
组3,226,199
组3,227,135
组3,228,200
组3,229,201
组3,230,202
组3,231,203
组3,232,183
组3,233,204
组3,234,189
组3,235,203
组3,236,176
组3,237,183
组3,238,205
组3,239,149
组3,240,206
组3,241,191
组3,242,207
组3,243,159
组3,244,199
组3,245,208
组3,246,162
组3,247,209
组3,248,210
组3,249,211
组3,250,212
组3,251,213
组3,252,179
组3,253,214
组3,254,215
组3,255,216
组3,256,199
组3,257,217
组3,258,104
组3,259,218
组3,260,219
组3,261,220
组3,262,221
组3,263,184
组3,264,222
组3,265,223
组3,266,224
组3,267,225
组3,268,226
组3,269,227
组3,270,228
组3,271,229
组3,272,147
组3,273,215
组3,274,230
组3,275,231
组3,276,232
组3,277,233
组3,278,234
组3,279,235
组3,280,236
组3,281,237
组3,282,238
组3,283,176
组3,284,239
组3,285,240
组3,286,241
组3,287,242
组3,288,243
组3,289,244
组3,290,141
组3,291,245
组3,292,246
组3,293,247
组3,294,248
组3,295,249
组3,296,250
组3,297,189
组3,298,251
组3,299,252
组3,300,229
组3,301,253
组3,302,254
组3,303,255
组3,304,187
组3,305,256
组3,306,257
组3,307,254
组3,308,246
组3,309,258
组3,310,237
组3,311,259
组3,312,260
组3,313,261
组3,314,262
组3,315,197
组3,316,263
组3,317,264
组3,318,265
组3,319,266
组3,320,267
组3,321,268
组3,322,269
组3,323,270
组3,324,271
组3,325,272
组3,326,273
组3,327,274
组3,328,275
组3,329,276
组3,330,277
组3,331,278
组3,332,279
组3,333,280
组3,334,281
组3,335,279
组3,336,282
组3,337,283
组3,338,284
组3,339,285
组3,340,286
组3,341,287
组3,342,288
组3,343,289
组3,344,290
组3,345,264
组3,346,291
组3,347,292
组3,348,293
组3,349,132
组3,350,294
组3,351,295
组3,352,296
组3,353,297
组3,354,291
组3,355,233
组3,356,175
组3,357,298
组3,358,299
组3,359,202
组3,360,300
组3,361,150
组3,362,288
组3,363,301
组3,364,302
组3,365,303
组3,366,167
组3,367,304
组3,368,300
组3,369,235
组3,370,305
组3,371,186
组3,372,306
组3,373,307
组3,374,69
组3,375,308
组3,376,253
组3,377,309
组3,378,310
组3,379,311
组3,380,312
组3,381,30
组3,382,313
组3,383,314
组3,384,315
组3,385,316
组3,386,74
组3,387,317
组3,388,78
组3,389,318
组3,390,319
组3,391,294
组3,392,314
组3,393,15
组3,394,320
组3,395,303
组3,396,321
组3,397,322
组3,398,17
组3,399,323
组3,400,324
组3,401,325
组3,402,46
组3,403,42
组3,404,326
组3,405,327
组3,406,328
组3,407,325
组3,408,259
组3,409,329
组3,410,308
组3,411,330
组3,412,325
组3,413,331
组3,414,268
组3,415,332
组3,416,47
组3,417,333
组3,418,296
组3,419,43
组3,420,4
组3,421,334
组3,422,90
组3,423,335
组3,424,87
组3,425,324
组3,426,44
组3,427,336
组3,428,38
组3,429,58
组3,430,337
组3,431,338
组3,432,335
组3,433,213
组3,434,323
组3,435,56
组3,436,339
组3,437,340
组3,438,89
组3,439,333
组3,440,12
组3,441,80
组3,442,341
组3,443,20
组3,444,66
组3,445,44
组3,446,342
组3,447,54
组3,448,328
组3,449,343
组3,450,8
组3,451,344
组3,452,7
组3,453,345
组3,454,40
组3,455,101
组3,456,16
组3,457,341
组3,458,336
组3,459,82
组3,460,346
组3,461,62
组3,462,18
组3,463,83
组3,464,27
组3,465,281
组3,466,45
组3,467,347
组3,468,348
组3,469,89
组3,470,12
组3,471,37
组3,472,51
组3,473,349
组3,474,19
组3,475,344
组3,476,350
组3,477,21
组3,478,71
组3,479,55
组3,480,22
组3,481,48
组3,482,35
组3,483,351
组3,484,352
组3,485,6
组3,486,19
组3,487,353
组3,488,4
组3,489,72
组3,490,14
组3,491,33
组3,492,354
组3,493,349
组3,494,354
组3,495,347
组3,496,88
组3,497,65
组3,498,50
组3,499,59
组3,500,53
组3,501,79
组3,502,57
组3,503,9
组3,504,29
组3,505,2
组3,506,34
组3,507,61
组3,508,85
组3,509,32
组3,510,81
组3,511,86
组3,512,28
组3,513,338
组3,514,84
组3,515,75
组3,516,41
组3,517,68
组3,518,64
组3,519,76
组3,520,23
组3,521,25
组3,522,70
组3,523,77
组3,524,11
组3,525,10
组3,526,91
组3,527,87
组3,528,39
组3,529,31
组3,530,36
组3,531,60
组3,532,9
组3,533,24
组3,534,26
组3,535,5
