phiA,phiB,p_hat,ci_low,ci_up,cost,target_ok
0.0135,0.0,0.91,0.877916547675384,0.934283087032878,14.175,False
0.015,0.0,0.9575,0.9329974034029176,0.9732985304483748,15.75,True
0.017,0.0,0.9875,0.971075847268862,0.9946493281464496,17.85,True
0.02,0.0,0.9975,0.9859763590327524,0.9995585635705656,21.0,True
0.0,0.25,0.0,0.0,0.0095126405996806,12.5,False
0.0,0.3,0.0,0.0,0.0095126405996806,15.0,False
0.0,0.34,0.1075,0.0807932940167803,0.1416741288539689,17.0,False
0.0,0.38,0.335,0.2905082992551211,0.3826308721427734,19.000000000000004,False
0.0,0.42,0.52,0.4710820210989227,0.5685374732770901,21.0,False
0.0,0.45,0.6725,0.6250574069613036,0.7166607320318065,22.500000000000004,False
0.0,0.48,0.7425,0.6974839488186009,0.7829024204905541,24.0,False
0.0,0.5,0.765,0.7210486102094291,0.8039096902727403,25.0,False
0.0,0.55,0.855,0.8171160037000451,0.8861300214741816,27.500000000000004,False
0.0,0.6,0.89,0.8555483868341889,0.9170317534980604,30.0,False
0.005,0.2,0.084,0.0627437995222042,0.1115998830955073,15.250000000000004,False
0.005,0.225,0.102,0.0784339713961772,0.1316352249544218,16.5,False
0.005,0.25,0.134,0.1069145540979546,0.1666666666666666,17.750000000000004,False
0.005,0.275,0.186,0.1543334548942623,0.2224548055431449,19.000000000000004,False
0.005,0.3,0.28,0.24243538732541,0.3209194448281874,20.25,False
0.005,0.325,0.426,0.3833818113724009,0.4697466321701727,21.5,False
0.005,0.35,0.55,0.5061764115934799,0.5930611265534298,22.75,False
0.0075,0.2,0.424,0.3814233518276245,0.4677355901890727,17.875000000000004,False
0.0075,0.225,0.438,0.3951475711928867,0.4817978815049452,19.125000000000004,False
0.0075,0.25,0.468,0.4246732802775799,0.511814695308398,20.375,False
0.0075,0.275,0.548,0.5041745952330335,0.5910934413879999,21.625000000000004,False
0.0075,0.3,0.632,0.5888709172413829,0.6731161834664587,22.875,False
0.0075,0.325,0.71,0.6687444142064393,0.7480532460105812,24.125,False
0.0075,0.35,0.768,0.7290418422345863,0.8028713622328494,25.375,False
0.01,0.2,0.728,0.6873666188831685,0.7651565550667395,20.500000000000004,False
0.01,0.225,0.744,0.7039862648123214,0.7802929213445977,21.750000000000004,False
0.01,0.25,0.764,0.7248548911970089,0.7991193102186741,23.0,False
0.01,0.275,0.796,0.7584839354593685,0.8290022903703368,24.25,False
0.01,0.3,0.838,0.8031470479440461,0.8676987099290632,25.500000000000004,False
0.01,0.325,0.878,0.8463946427702861,0.9038411456203508,26.750000000000004,False
0.01,0.35,0.892,0.8617447145307382,0.9162775845410336,27.999999999999996,False
0.0125,0.2,0.894,0.8639484611321094,0.9180433394655388,23.125000000000004,False
0.0125,0.225,0.896,0.8661551236448682,0.9198061784786564,24.375,False
0.0125,0.25,0.906,0.8772348563464386,0.928573953406468,25.625000000000004,False
0.0125,0.275,0.916,0.8884001169044927,0.9372562004777956,26.875000000000004,False
0.0125,0.3,0.932,0.9064785429161282,0.9509337866731716,28.125,True
0.0125,0.325,0.942,0.9179433020026042,0.9593165352160772,29.375000000000004,True
0.0125,0.35,0.952,0.9295723199393156,0.9675350249087478,30.625,True
0.01359,0.0,0.932,0.9146857880858408,0.946007771535518,14.2695,True
0.0,0.6142857142857142,0.902,0.8820049011851514,0.9189182723513908,30.71428571428571,False
0.01359,0.0,0.932,0.9146857880858408,0.946007771535518,14.2695,True
0.0111376718429667,0.0024415989091948,0.818,0.792882955656012,0.8406831368430436,11.816635380574775,False
0.01,0.3,0.842,0.8180896910880748,0.8632927102788341,25.500000000000004,False
0.0125,0.3,0.941,0.9246387632925528,0.9539859121542508,28.125,True
