phiA,phiB,NA,NB,M,p_hat,ci_low,ci_up,cost
0.0,0.0,0,0,100,0.0,0.0,0.0369948074760019,0.0
0.0,0.05,0,1492,100,0.0,0.0,0.0369948074760019,2.5000000000000004
0.0,0.1,0,2984,100,0.0,0.0,0.0369948074760019,5.000000000000001
0.0,0.15,0,4476,100,0.0,0.0,0.0369948074760019,7.5
0.0,0.2,0,5968,100,0.0,0.0,0.0369948074760019,10.000000000000002
0.0,0.3,0,8952,100,0.0,0.0,0.0369948074760019,15.0
0.0025,0.0,177,0,100,0.0,0.0,0.0369948074760019,2.625
0.0025,0.05,177,1492,100,0.0,0.0,0.0369948074760019,5.125000000000001
0.0025,0.1,177,2984,100,0.0,0.0,0.0369948074760019,7.625000000000002
0.0025,0.15,177,4476,100,0.0,0.0,0.0369948074760019,10.125
0.0025,0.2,177,5968,100,0.0,0.0,0.0369948074760019,12.625000000000002
0.0025,0.3,177,8952,100,0.01,0.0017673865655472,0.0544875247609346,17.625
0.005,0.0,354,0,100,0.08,0.0410929694858109,0.1499826687940307,5.25
0.005,0.05,354,1492,100,0.08,0.0410929694858109,0.1499826687940307,7.750000000000001
0.005,0.1,354,2984,100,0.08,0.0410929694858109,0.1499826687940307,10.250000000000002
0.005,0.15,354,4476,100,0.08,0.0410929694858109,0.1499826687940307,12.750000000000002
0.005,0.2,354,5968,100,0.09,0.0480719951638848,0.1622637469664366,15.250000000000004
0.005,0.3,354,8952,100,0.32,0.2366901081545688,0.4166280225367919,20.25
0.0075,0.0,531,0,100,0.39,0.300167219319702,0.4879716383250184,7.875
0.0075,0.05,531,1492,100,0.39,0.300167219319702,0.4879716383250184,10.375
0.0075,0.1,531,2984,100,0.41,0.3186715709566465,0.5079874943890338,12.875000000000002
0.0075,0.15,531,4476,100,0.42,0.327982249185113,0.5179369200110473,15.375
0.0075,0.2,531,5968,100,0.44,0.3467186540096832,0.537720722887437,17.875000000000004
0.0075,0.3,531,8952,100,0.67,0.5730516033971139,0.7543701620610456,22.875
0.01,0.0,707,0,100,0.7,0.6041496156718804,0.7810524613377188,10.5
0.01,0.05,707,1492,100,0.7,0.6041496156718804,0.7810524613377188,13.000000000000002
0.01,0.1,707,2984,100,0.71,0.6146092505999207,0.7898529302601586,15.500000000000002
0.01,0.15,707,4476,100,0.72,0.6251178763865427,0.7986044083240164,18.000000000000004
0.01,0.2,707,5968,100,0.72,0.6251178763865427,0.7986044083240164,20.500000000000004
0.01,0.3,707,8952,100,0.88,0.8018773199709163,0.9300066263473222,25.500000000000004
0.0125,0.0,884,0,100,0.9,0.8256326956323347,0.944771458386864,13.125000000000002
0.0125,0.05,884,1492,100,0.9,0.8256326956323347,0.944771458386864,15.625
0.0125,0.1,884,2984,100,0.9,0.8256326956323347,0.944771458386864,18.125000000000004
0.0125,0.15,884,4476,100,0.9,0.8256326956323347,0.944771458386864,20.625
0.0125,0.2,884,5968,100,0.9,0.8256326956323347,0.944771458386864,23.125000000000004
0.0125,0.3,884,8952,100,0.94,0.8752303146877748,0.9722142547333432,28.125
0.015,0.0,1061,0,100,0.96,0.9016278276739262,0.984336949448152,15.75
0.015,0.05,1061,1492,100,0.96,0.9016278276739262,0.984336949448152,18.250000000000004
0.015,0.1,1061,2984,100,0.96,0.9016278276739262,0.984336949448152,20.75
0.015,0.15,1061,4476,100,0.96,0.9016278276739262,0.984336949448152,23.25
0.015,0.2,1061,5968,100,0.97,0.915479219195973,0.9897456617765852,25.750000000000004
0.015,0.3,1061,8952,100,1.0,0.963005192523998,1.0,30.75
